Datetime,Water Level (m)
2025-03-12 00:00:00,0.0002287118
2025-03-12 01:00:00,0.00033031811
2025-03-12 02:00:00,0.0004162493
2025-03-12 03:00:00,0.00064214243
2025-03-12 04:00:00,0.0008729008
2025-03-12 05:00:00,0.0013136038
2025-03-12 06:00:00,0.0016469135
2025-03-12 07:00:00,0.001935933
2025-03-12 08:00:00,0.0022124967
2025-03-12 09:00:00,0.002387643
2025-03-12 10:00:00,0.002354304
2025-03-12 11:00:00,0.001880792
2025-03-12 12:00:00,0.0006014475
2025-03-12 13:00:00,0.0002741552
2025-03-12 14:00:00,0.00012737159
2025-03-12 15:00:00,-7.9925165e-05
2025-03-12 16:00:00,0.00062495604
2025-03-12 17:00:00,0.0004826986
2025-03-12 18:00:00,0.00048444117
2025-03-12 19:00:00,0.0005035032
2025-03-12 20:00:00,0.0007088205
2025-03-12 21:00:00,0.00048588807
2025-03-12 22:00:00,0.00016401208
2025-03-12 23:00:00,-9.642509e-05
2025-03-13 00:00:00,2.4340949e-05
2025-03-13 01:00:00,-0.00027457342
2025-03-13 02:00:00,0.00088372134
2025-03-13 03:00:00,0.0013379954
2025-03-13 04:00:00,0.0011973168
2025-03-13 05:00:00,0.0015810563
2025-03-13 06:00:00,0.002342472
2025-03-13 07:00:00,0.0029789407
2025-03-13 08:00:00,0.0034783815
2025-03-13 09:00:00,0.0030098942
2025-03-13 10:00:00,0.002349025
2025-03-13 11:00:00,0.0018452938
2025-03-13 12:00:00,0.0007828943
2025-03-13 13:00:00,0.00046647072
2025-03-13 14:00:00,0.00029162472
2025-03-13 15:00:00,0.00036982703
2025-03-13 16:00:00,0.0003538369
2025-03-13 17:00:00,0.0003483039
2025-03-13 18:00:00,0.00044209257
2025-03-13 19:00:00,0.00053960696
2025-03-13 20:00:00,0.00029123778
2025-03-13 21:00:00,0.00016571606
2025-03-13 22:00:00,-1.3979203e-05
2025-03-13 23:00:00,-0.00030921088
2025-03-14 00:00:00,-0.00087033166
2025-03-14 01:00:00,-0.0011103124
2025-03-14 02:00:00,-0.00022989862
2025-03-14 03:00:00,0.0001093932
2025-03-14 04:00:00,0.00056378817
2025-03-14 05:00:00,0.0009669784
2025-03-14 06:00:00,0.0011852283
2025-03-14 07:00:00,0.0014856653
2025-03-14 08:00:00,0.0019132508
2025-03-14 09:00:00,0.0021309133
2025-03-14 10:00:00,0.0017248578
2025-03-14 11:00:00,0.001002195
2025-03-14 12:00:00,0.00029210094
2025-03-14 13:00:00,0.0007426175
2025-03-14 14:00:00,4.588277e-08
2025-03-14 15:00:00,-0.001176817
2025-03-14 16:00:00,-0.0005094273
2025-03-14 17:00:00,-0.0003998092
2025-03-14 18:00:00,-0.00017865379
2025-03-14 19:00:00,-8.719444e-05
2025-03-14 20:00:00,-0.00014574929
2025-03-14 21:00:00,-0.00024049477
2025-03-14 22:00:00,-0.00062916346
2025-03-14 23:00:00,-0.000989874
2025-03-15 00:00:00,-0.0013203371
2025-03-15 01:00:00,-0.0015160951
2025-03-15 02:00:00,-0.0009686802
2025-03-15 03:00:00,-0.0006353613
2025-03-15 04:00:00,-0.0005560247
2025-03-15 05:00:00,-0.0005386804
2025-03-15 06:00:00,-0.0002238911
2025-03-15 07:00:00,0.00038991284
2025-03-15 08:00:00,0.0009158461
2025-03-15 09:00:00,0.0011343136
2025-03-15 10:00:00,0.0012028655
2025-03-15 11:00:00,0.00072995474
2025-03-15 12:00:00,-0.00041717727
2025-03-15 13:00:00,-0.00040074307
2025-03-15 14:00:00,-0.0004494906
2025-03-15 15:00:00,-0.0008690224
2025-03-15 16:00:00,-0.001445191
2025-03-15 17:00:00,-0.001106308
2025-03-15 18:00:00,-0.00068582344
2025-03-15 19:00:00,-0.00037378524
2025-03-15 20:00:00,-0.00023423907
2025-03-15 21:00:00,-0.00030841713
2025-03-15 22:00:00,-0.00053204916
2025-03-15 23:00:00,-0.0008444773
2025-03-16 00:00:00,-0.0013282399
2025-03-16 01:00:00,-0.0015477571
2025-03-16 02:00:00,-0.0008839575
2025-03-16 03:00:00,-0.00044278987
2025-03-16 04:00:00,-6.059908e-05
2025-03-16 05:00:00,-0.00011556221
2025-03-16 06:00:00,0.00029163246
2025-03-16 07:00:00,0.00083938095
2025-03-16 08:00:00,0.0012259458
2025-03-16 09:00:00,0.0019964408
2025-03-16 10:00:00,0.0012647489
2025-03-16 11:00:00,0.0006295108
2025-03-16 12:00:00,0.0014015151
2025-03-16 13:00:00,-0.00021288653
2025-03-16 14:00:00,-0.00077351066
2025-03-16 15:00:00,-0.0013245852
2025-03-16 16:00:00,-0.0014863104
2025-03-16 17:00:00,-0.00061123195
2025-03-16 18:00:00,-0.00048706835
2025-03-16 19:00:00,-0.0007337005
2025-03-16 20:00:00,-0.000537766
2025-03-16 21:00:00,-0.00023233634
2025-03-16 22:00:00,-0.00029638197
2025-03-16 23:00:00,-0.0007687887
2025-03-17 00:00:00,-0.0011000963
2025-03-17 01:00:00,-0.0013571678
2025-03-17 02:00:00,-0.0009830331
2025-03-17 03:00:00,-0.001168421
2025-03-17 04:00:00,-0.001298885
2025-03-17 05:00:00,-0.0010704319
2025-03-17 06:00:00,-0.00088973023
2025-03-17 07:00:00,-0.0003615515
2025-03-17 08:00:00,0.00018706986
2025-03-17 09:00:00,0.00041038255
2025-03-17 10:00:00,0.001013875
2025-03-17 11:00:00,0.0009616216
2025-03-17 12:00:00,0.00023481506
2025-03-17 13:00:00,-0.0012989407
2025-03-17 14:00:00,0.013377275
2025-03-17 15:00:00,0.018833239
2025-03-17 16:00:00,0.021377321
2025-03-17 17:00:00,0.03058581
2025-03-17 18:00:00,0.038982198
2025-03-17 19:00:00,0.04714678
2025-03-17 20:00:00,0.053956777
2025-03-17 21:00:00,0.060260024
2025-03-17 22:00:00,0.065304585
2025-03-17 23:00:00,0.06888986
2025-03-18 00:00:00,0.071891636
